{
  "rmse": 0.44917010332494,
  "mae": 0.3102827290979927,
  "r2": 0.8482296981206521
}